{"cameraMode":{"drawMode":0,"name":"Shaded","section":"Shading Mode"},"sceneLighting":true,"audioPlay":false,"sceneViewState":{"m_AlwaysRefresh":false,"showFog":true,"showSkybox":true,"showFlares":true,"showImageEffects":true,"showParticleSystems":true,"showVisualEffectGraphs":true,"m_FxEnabled":true},"in2DMode":false,"pivot":{"x":-26.040828704833986,"y":12.040575981140137,"z":-0.3503270149230957},"rotation":{"x":0.5616258978843689,"y":0.009928143583238125,"z":-0.006739831995218992,"w":0.8273051381111145},"size":21.42310905456543,"orthographic":true}